lemma,pos
a,det
abandon,v
abbey,n
ability,n
able,a
abnormal,a
abolish,v
abolition,n
abortion,n
about,adv
about,prep
above,a
above,adv
above,prep
abroad,adv
abruptly,adv
absence,n
absent,a
absolute,a
absolutely,adv
absorb,v
absorption,n
abstract,a
absurd,a
abuse,n
abuse,v
academic,a
academic,n
academy,n
accelerate,v
accent,n
accept,v
acceptable,a
acceptance,n
access,n
access,v
accessible,a
accident,n
accommodate,v
accommodation,n
accompany,v
accomplish,v
accord,n
accord,v
accordance,n
according,prep
accordingly,adv
account,n
account,v
accountability,n
accountant,n
accounting,a
accumulate,v
accumulation,n
accuracy,n
accurate,a
accurately,adv
accusation,n
accuse,v
accused,a
achieve,v
achievement,n
acid,n
acknowledge,v
acquaintance,n
acquire,v
acquisition,n
acre,n
across,adv
across,prep
act,n
act,v
action,n
activate,v
active,a
actively,adv
activist,n
activity,n
actor,n
actress,n
actual,a
actually,adv
acute,a
adapt,v
adaptation,n
add,v
added,a
addition,n
additional,a
address,n
address,v
adequate,a
adequately,adv
adjacent,a
adjective,n
adjust,v
adjustment,n
administer,v
administration,n
administrative,a
administrator,n
admiration,n
admire,v
admission,n
admit,v
adopt,v
adoption,n
adult,a
adult,n
advance,n
advance,v
advanced,a
advantage,n
adventure,n
adverse,a
advertise,v
advertisement,n
advertising,n
advice,n
advise,v
adviser,n
advisory,a
advocate,n
advocate,v
aesthetic,a
affair,n
affect,v
affection,n
affinity,n
afford,v
afraid,a
after,conj
after,prep
afternoon,n
afterwards,adv
again,adv
against,prep
age,n
age,v
aged,prep
agency,n
agenda,n
agent,n
aggregate,a
aggression,n
aggressive,a
ago,adv
agony,n
agree,v
agreed,a
agreement,n
agricultural,a
agriculture,n
ahead,adv
aid,n
aid,v
aids,n
aim,n
aim,v
air,n
aircraft,n
airline,n
airport,n
alarm,n
alarm,v
albeit,conj
album,n
alcohol,n
alert,a
alert,v
alien,a
alike,adv
alive,a
all,adv
all,det
allegation,n
allege,v
alleged,a
allegedly,adv
alliance,n
allied,a
allocate,v
allocation,n
allow,v
allowance,n
ally,n
almost,adv
alone,a
alone,adv
along,adv
along,prep
alongside,prep
aloud,adv
already,adv
alright,a
alright,adv
also,adv
altar,n
alter,v
alteration,n
alternative,a
alternative,n
alternatively,adv
although,conj
altogether,adv
aluminium,n
always,adv
amateur,a
amateur,n
amazing,a
ambassador,n
ambiguity,n
ambiguous,a
ambition,n
ambitious,a
ambulance,n
amend,v
amendment,n
amid,prep
among,prep
amongst,prep
amount,n
amount,v
amp,n
ample,a
amuse,v
amusement,n
an,det
analogy,n
analyse,v
analysis,n
analyst,n
ancestor,n
ancient,a
and,conj
angel,n
anger,n
anger,v
angle,n
angrily,adv
angry,a
animal,n
ankle,n
anniversary,n
announce,v
announcement,n
annoy,v
annual,a
annually,adv
anonymous,a
another,det
answer,n
answer,v
ant,n
antibody,n
anticipate,v
anticipation,n
anxiety,n
anxious,a
any,det
anybody,pron
anyone,pron
anything,pron
anyway,adv
anywhere,adv
apart,adv
apartment,n
apologise,v
apology,n
appalling,a
apparatus,n
apparent,a
apparently,adv
appeal,n
appeal,v
appear,v
appearance,n
appendix,n
appetite,n
apple,n
applicable,a
applicant,n
application,n
applied,a
apply,v
appoint,v
appointed,a
appointment,n
appraisal,n
appreciate,v
appreciation,n
approach,n
approach,v
appropriate,a
appropriately,adv
approval,n
approve,v
approved,a
approximately,adv
aquarium,n
arbitrary,a
arc,n
arch,n
archaeological,a
archbishop,n
architect,n
architectural,a
architecture,n
archive,n
area,n
arena,n
argue,v
argument,n
arise,v
arm,n
arm,v
armchair,n
armed,a
army,n
around,adv
around,prep
arouse,v
arrange,v
arrangement,n
array,n
arrest,n
arrest,v
arrival,n
arrive,v
arrow,n
art,n
article,n
articulate,v
artificial,a
artist,n
artistic,a
as,adv
as,conj
as,prep
ascertain,v
ash,n
ashamed,a
aside,adv
ask,v
asleep,a
aspect,n
aspiration,n
assault,n
assault,v
assemble,v
assembly,n
assert,v
assertion,n
assess,v
assessment,n
asset,n
assign,v
assignment,n
assist,v
assistance,n
assistant,a
assistant,n
associate,n
associate,v
associated,a
association,n
assume,v
assumption,n
assurance,n
assure,v
astonishing,a
asylum,n
at,prep
athlete,n
atmosphere,n
atom,n
atomic,a
attach,v
attachment,n
attack,n
attack,v
attacker,n
attain,v
attainment,n
attempt,n
attempt,v
attempted,a
attend,v
attendance,n
attention,n
attitude,n
attract,v
attraction,n
attractive,a
attribute,n
attribute,v
auction,n
audience,n
audit,n
auditor,n
aunt,n
author,n
authorise,v
authority,n
automatic,a
automatically,adv
autonomous,a
autonomy,n
autumn,n
availability,n
available,a
avenue,n
average,a
average,n
aviation,n
avoid,v
await,v
awake,a
awake,v
award,n
award,v
aware,a
awareness,n
away,adv
awful,a
awkward,a
axis,n
aye,interjection
baby,n
back,a
back,adv
back,n
back,v
background,n
backing,n
backwards,adv
bacon,n
bacteria,n
bad,a
badly,adv
bag,n
bail,n
bake,v
balance,n
balance,v
balanced,a
balcony,n
ball,n
ballet,n
balloon,n
ballot,n
ban,n
ban,v
banana,n
band,n
bang,n
bang,v
bank,n
banker,n
banking,n
bankruptcy,n
banner,n
bar,n
bar,v
bare,a
barely,adv
bargain,n
bargain,v
barn,n
barrel,n
barrier,n
base,n
base,v
basement,n
basic,a
basically,adv
basin,n
basis,n
basket,n
bass,n
bastard,n
bat,n
batch,n
bath,n
bathroom,n
battery,n
battle,n
battle,v
bay,n
be,v
beach,n
beam,n
bean,n
bear,n
bear,v
beard,n
bearing,n
beast,n
beat,n
beat,v
beautiful,a
beautifully,adv
beauty,n
because,conj
become,v
bed,n
bedroom,n
bee,n
beef,n
beer,n
before,adv
before,conj
before,prep
beg,v
begin,v
beginning,n
behalf,n
behave,v
behaviour,n
behind,adv
behind,prep
being,n
belief,n
believe,v
bell,n
belly,n
belong,v
below,adv
below,prep
belt,n
bench,n
bend,n
bend,v
beneath,prep
beneficial,a
beneficiary,n
benefit,n
benefit,v
beside,prep
besides,adv
besides,prep
best,adv
bet,n
bet,v
betray,v
better,adv
between,prep
beyond,adv
beyond,prep
bias,n
bible,n
bicycle,n
bid,n
bid,v
big,a
bike,n
bile,n
bill,n
bin,n
bind,v
binding,a
biography,n
biological,a
biology,n
bird,n
birth,n
birthday,n
biscuit,n
bishop,n
bit,n
bitch,n
bite,n
bite,v
bitter,a
bitterly,adv
bizarre,a
black,a
black,n
blade,n
blame,n
blame,v
blank,a
blanket,n
blast,n
blast,v
bleak,a
bleed,v
bless,v
blessing,n
blind,a
blink,v
block,n
block,v
bloke,n
blonde,a
blood,n
bloody,a
bloody,adv
blow,n
blow,v
blue,a
blue,n
board,n
board,v
boast,v
boat,n
bodily,a
body,n
boil,v
boiler,n
bold,a
bolt,n
bomb,n
bomb,v
bomber,n
bond,n
bone,n
bonus,n
book,n
book,v
booking,n
booklet,n
boom,n
boost,n
boost,v
boot,n
border,n
bored,a
boring,a
borough,n
borrow,v
boss,n
both,adv
both,det
bother,v
bottle,n
bottom,a
bottom,n
bounce,v
boundary,n
bourgeois,a
bow,n
bow,v
bowel,n
bowl,n
bowl,v
bowler,n
box,n
boxing,n
boy,n
boyfriend,n
bracket,n
brain,n
brake,n
branch,n
brand,n
brandy,n
brass,n
brave,a
breach,n
bread,n
break,n
break,v
breakdown,n
breakfast,n
breast,n
breath,n
breathe,v
breed,n
breed,v
breeding,n
breeze,n
brewery,n
brick,n
bride,n
bridge,n
brief,a
briefly,adv
brigade,n
bright,a
brilliant,a
bring,v
broad,a
broadcast,n
broadcast,v
broadly,adv
brochure,n
broken,a
broker,n
bronze,n
brother,n
brow,n
brown,a
brush,n
brush,v
bubble,n
bucket,n
budget,n
build,v
builder,n
building,n
bulb,n
bulk,n
bull,n
bullet,n
bulletin,n
bump,v
bunch,n
bundle,n
burden,n
bureau,n
bureaucracy,n
bureaucratic,a
burial,n
burn,n
burn,v
burning,a
burst,n
burst,v
bury,v
bus,n
bush,n
business,n
businessman,n
busy,a
but,conj
butter,n
butterfly,n
button,n
buy,v
buyer,n
by,adv
by,prep
bye,interjection
cab,n
cabin,n
cabinet,n
cable,n
cafe,n
cage,n
cake,n
calcium,n
calculate,v
calculation,n
calendar,n
calf,n
call,n
call,v
calm,a
calm,n
calm,v
calorie,n
camera,n
camp,n
campaign,n
campaign,v
can,modal
can,n
can,v
canal,n
cancel,v
cancer,n
candidate,n
candle,n
canvas,n
cap,n
capability,n
capable,a
capacity,n
capital,a
capital,n
capitalism,n
capitalist,n
captain,n
capture,v
car,n
car,v
caravan,n
carbon,n
card,n
care,n
care,v
career,n
careful,a
carefully,adv
carer,n
cargo,n
carpet,n
carriage,n
carrier,n
carrot,n
carry,v
cart,n
carve,v
case,n
cash,n
cassette,n
cast,n
cast,v
castle,n
casual,a
casualty,n
cat,n
catalogue,n
catch,n
catch,v
category,n
cater,v
cathedral,n
cattle,n
causal,a
cause,n
cause,v
caution,n
cautious,a
cave,n
cease,v
ceiling,n
celebrate,v
celebration,n
cell,n
cellar,n
cemetery,n
census,n
central,a
centre,n
centre,v
century,n
cereal,n
ceremony,n
certain,a
certainly,adv
certainty,n
certificate,n
chain,n
chair,n
chair,v
chairman,n
chalk,n
challenge,n
challenge,v
chamber,n
champagne,n
champion,n
championship,n
chance,n
chancellor,n
change,n
change,v
changing,a
channel,n
chaos,n
chap,n
chapel,n
chapter,n
character,n
characterise,v
characteristic,a
characteristic,n
characterize,v
charge,n
charge,v
charity,n
charm,n
charming,a
chart,n
charter,n
chase,n
chase,v
chat,n
chat,v
cheap,a
check,n
check,v
cheek,n
cheer,v
cheerful,a
cheese,n
chemical,a
chemical,n
chemist,n
chemistry,n
cheque,n
chest,n
chew,v
chicken,n
chief,a
chief,n
child,n
childhood,n
chimney,n
chin,n
chip,n
chocolate,n
choice,n
choir,n
choke,v
choose,v
chop,v
chord,n
chorus,n
chosen,a
chronic,a
church,n
cigarette,n
cinema,n
circle,n
circuit,n
circular,a
circular,n
circulate,v
circulation,n
circumstance,n
cite,v
citizen,n
citizenship,n
city,n
civic,a
civil,a
civilian,a
civilian,n
civilization,n
claim,n
claim,v
clarify,v
clarity,n
clash,n
class,n
classic,a
classic,n
classical,a
classification,n
classify,v
classroom,n
clause,n
clay,n
clean,a
clean,v
cleaner,n
clear,a
clear,v
clearance,n
clearing,n
clearly,adv
clergy,n
clerical,a
clerk,n
clever,a
client,n
cliff,n
climate,n
climb,n
climb,v
climber,n
cling,v
clinic,n
clinical,a
clock,n
close,a
close,adv
close,v
closed,a
closely,adv
closure,n
cloth,n
clothes,n
clothing,n
cloud,n
club,n
clue,n
cluster,n
clutch,v
co-operate,v
co-operation,n
co-operative,a
coach,n
coach,v
coal,n
coalition,n
coast,n
coastal,a
coat,n
code,n
code,v
coffee,n
coffin,n
cognitive,a
coherent,a
coin,n
coincide,v
coincidence,n
cold,a
cold,n
collaboration,n
collapse,n
collapse,v
collar,n
colleague,n
collect,v
collection,n
collective,a
collector,n
college,n
colon,n
colonel,n
colonial,a
colony,n
colour,n
colour,v
coloured,a
colourful,a
column,n
combat,v
combination,n
combine,v
combined,a
come,v
comedy,n
comfort,n
comfort,v
comfortable,a
comfortably,adv
coming,a
command,n
command,v
commander,n
commence,v
comment,n
comment,v
commentary,n
commentator,n
commerce,n
commercial,a
commission,n
commission,v
commissioner,n
commit,v
commitment,n
committee,n
commodity,n
common,a
commonly,adv
commons,n
commonwealth,n
communicate,v
communication,n
communism,n
communist,a
communist,n
community,n
compact,n
companion,n
company,n
comparable,a
comparative,a
comparatively,adv
compare,v
comparison,n
compartment,n
compatible,a
compel,v
compensate,v
compensation,n
compete,v
competence,n
competent,a
competition,n
competitive,a
competitor,n
compile,v
complain,v
complaint,n
complement,v
complementary,a
complete,a
complete,v
completely,adv
completion,n
complex,a
complex,n
complexity,n
compliance,n
complicate,v
complicated,a
complication,n
comply,v
component,n
compose,v
composer,n
composition,n
compound,n
compound,v
comprehensive,a
comprise,v
compromise,n
compromise,v
compulsory,a
compute,v
computer,n
computing,n
conceal,v
concede,v
conceive,v
concentrate,v
concentration,n
concept,n
conception,n
conceptual,a
concern,n
concern,v
concerned,a
concerning,prep
concert,n
concession,n
conclude,v
conclusion,n
concrete,a
concrete,n
condemn,v
condition,n
conduct,n
conduct,v
conductor,n
confer,v
conference,n
confess,v
confession,n
confidence,n
confident,a
confidential,a
configuration,n
confine,v
confirm,v
confirmation,n
conflict,n
conflict,v
conform,v
confront,v
confrontation,n
confuse,v
confusion,n
congratulate,v
congregation,n
congress,n
conjunction,n
connect,v
connection,n
conscience,n
conscious,a
consciousness,n
consensus,n
consent,n
consequence,n
consequently,adv
conservation,n
conservative,a
conservative,n
consider,v
considerable,a
considerably,adv
consideration,n
considering,conj
considering,prep
consist,v
consistency,n
consistent,a
consistently,adv
consolidate,v
consortium,n
conspiracy,n
constable,n
constant,a
constantly,adv
constituency,n
constituent,n
constitute,v
constitution,n
constitutional,a
constrain,v
constraint,n
construct,v
construction,n
constructive,a
consult,v
consultant,n
consultation,n
consume,v
consumer,n
consumption,n
contact,n
contact,v
contain,v
container,n
contemplate,v
contemporary,a
contemporary,n
contempt,n
contend,v
content,a
content,n
contest,n
contest,v
context,n
continent,n
continental,a
continually,adv
continuation,n
continue,v
continued,a
continuing,a
continuity,n
continuous,a
continuously,adv
contract,n
contract,v
contraction,n
contractor,n
contractual,a
contradiction,n
contrary,a
contrary,n
contrast,n
contrast,v
contribute,v
contribution,n
control,n
control,v
controlled,a
controller,n
controversial,a
controversy,n
convenience,n
convenient,a
convention,n
conventional,a
conversation,n
conversely,adv
conversion,n
convert,v
convey,v
convict,v
conviction,n
convince,v
convincing,a
cook,n
cook,v
cooking,n
cool,a
cool,v
cooperation,n
coordinate,v
cop,v
cope,v
copper,n
copy,n
copy,v
copyright,n
cord,n
core,n
corn,n
corner,n
corporate,a
corps,n
corpse,n
correct,a
correct,v
correction,n
correctly,adv
correlation,n
correspond,v
correspondence,n
correspondent,n
corresponding,a
corridor,n
corruption,n
cos,conj
cost,n
cost,v
costly,a
costume,n
cottage,n
cotton,n
cough,v
could,modal
council,n
councillor,n
counsel,n
counselling,n
counsellor,n
count,n
count,v
counter,n
counter,v
counterpart,n
country,n
countryside,n
county,n
coup,n
couple,n
couple,v
courage,n
course,adv
course,n
court,n
courtesy,n
courtyard,n
cousin,n
covenant,n
cover,n
cover,v
coverage,n
cow,n
crack,n
crack,v
craft,n
craftsman,n
crash,n
crash,v
crawl,v
crazy,a
cream,n
create,v
creation,n
creative,a
creature,n
credibility,n
credit,n
credit,v
creditor,n
creed,n
creep,v
crew,n
cricket,n
crime,n
criminal,a
criminal,n
crisis,n
criterion,n
critic,n
critical,a
criticise,v
criticism,n
criticize,v
critique,n
crop,n
crop,v
cross,n
cross,v
crossing,n
crouch,v
crowd,n
crowd,v
crown,n
crucial,a
crude,a
cruel,a
cruelty,n
crush,v
cry,n
cry,v
crystal,n
cult,n
cultivate,v
cultural,a
culture,n
cup,n
cupboard,n
cure,n
curiosity,n
curious,a
curiously,adv
curl,n
curl,v
currency,n
current,a
current,n
currently,adv
curriculum,n
curtain,n
curve,n
curve,v
cushion,n
custody,n
custom,n
customer,n
cut,n
cut,v
cutting,n
cycle,n
cylinder,n
daily,a
daily,adv
dairy,n
damage,n
damage,v
damaging,a
damn,v
damp,a
dance,n
dance,v
dancer,n
dancing,n
danger,n
dangerous,a
dare,v
dark,a
dark,n
darkness,n
darling,n
dash,v
data,n
database,n
date,n
date,v
daughter,n
dawn,n
day,n
daylight,n
dead,a
dead,adv
deadline,n
deadly,a
deaf,a
deal,n
deal,v
dealer,n
dealing,n
dear,a
dear,interjection
dear,n
death,n
debate,n
debate,v
debt,n
debtor,n
debut,n
decade,n
decay,n
decent,a
decide,v
decision,n
decision-making,n
decisive,a
deck,n
declaration,n
declare,v
decline,n
decline,v
decorate,v
decoration,n
decorative,a
decrease,n
decrease,v
decree,n
dedicate,v
deed,n
deem,v
deep,a
deep,adv
deeply,adv
deer,n
default,n
defeat,n
defeat,v
defect,n
defence,n
defend,v
defendant,n
defender,n
defensive,a
deficiency,n
deficit,n
define,v
definite,a
definitely,adv
definition,n
defy,v
degree,n
delay,n
delay,v
delegate,n
delegation,n
delete,v
deliberate,a
deliberately,adv
delicate,a
delicious,a
delight,n
delight,v
delighted,a
delightful,a
deliver,v
delivery,n
demand,n
demand,v
democracy,n
democrat,n
democratic,a
demolish,v
demonstrate,v
demonstration,n
demonstrator,n
denial,n
denounce,v
dense,a
density,n
dentist,n
deny,v
depart,v
department,n
departmental,a
departure,n
depend,v
dependence,n
dependency,n
dependent,a
depending,a
depict,v
deploy,v
deposit,n
deposit,v
depot,n
depressed,a
depression,n
deprivation,n
deprive,v
depth,n
deputy,n
derive,v
descend,v
descent,n
describe,v
description,n
desert,n
desert,v
deserve,v
design,n
design,v
designate,v
designer,n
desirable,a
desire,n
desire,v
desired,a
desk,n
desktop,n
despair,n
desperate,a
desperately,adv
despite,prep
destination,n
destiny,n
destroy,v
destruction,n
detail,n
detailed,a
detain,v
detect,v
detection,n
detective,n
detector,n
detention,n
deter,v
deteriorate,v
determination,n
determine,v
determined,a
develop,v
developed,a
developer,n
developing,a
development,n
deviation,n
device,n
devil,n
devise,v
devote,v
devoted,a
diagnose,v
diagnosis,n
diagram,n
dialogue,n
diameter,n
diamond,n
diary,n
dictate,v
dictionary,n
die,v
diet,n
differ,v
difference,n
different,a
differential,a
differentiate,v
differentiation,n
differently,adv
difficult,a
difficulty,n
dig,v
digital,a
dignity,n
dilemma,n
dimension,n
diminish,v
dine,v
dining,n
dinner,n
dioxide,n
dip,v
diplomat,n
diplomatic,a
direct,a
direct,adv
direct,v
direction,n
directive,n
directly,adv
director,n
directory,n
dirt,n
dirty,a
disability,n
disabled,a
disadvantage,n
disagree,v
disagreement,n
disappear,v
disappoint,v
disappointment,n
disaster,n
disastrous,a
disc,n
discard,v
discharge,n
discharge,v
disciplinary,a
discipline,n
discipline,v
disclose,v
disclosure,n
disco,n
discount,n
discount,v
discourage,v
discourse,n
discover,v
discovery,n
discretion,n
discrimination,n
discuss,v
discussion,n
disease,n
disguise,v
dish,n
disk,n
dislike,v
dismiss,v
dismissal,n
disorder,n
disperse,v
display,n
display,v
disposal,n
dispose,v
disposition,n
dispute,n
dispute,v
disrupt,v
disruption,n
dissolve,v
distance,n
distant,a
distinct,a
distinction,n
distinctive,a
distinctly,adv
distinguish,v
distinguished,a
distort,v
distortion,n
distract,v
distress,n
distribute,v
distributed,a
distribution,n
distributor,n
district,n
disturb,v
disturbance,n
dive,v
diverse,a
diversity,n
divert,v
divide,v
dividend,n
divine,a
division,n
divorce,n
divorce,v
do,v
dock,n
doctor,n
doctrine,n
document,n
document,v
documentation,n
dog,n
doing,n
doll,n
dollar,n
dolphin,n
domain,n
dome,n
domestic,a
dominance,n
dominant,a
dominate,v
domination,n
donate,v
donation,n
donor,n
door,n
doorway,n
dose,n
dot,n
double,a
double,n
double,v
doubt,n
doubt,v
doubtful,a
doubtless,adv
down,adv
down,prep
downstairs,adv
dozen,n
draft,n
draft,v
drag,v
dragon,n
drain,n
drain,v
drainage,n
drama,n
dramatic,a
dramatically,adv
draw,n
draw,v
drawer,n
drawing,n
dreadful,a
dream,n
dream,v
dress,n
dress,v
dressing,n
drift,n
drift,v
drill,n
drill,v
drink,n
drink,v
drive,n
drive,v
driver,n
driving,a
drop,n
drop,v
drown,v
drug,n
drug,v
drum,n
drunk,a
dry,a
dry,v
dual,a
duck,n
due,a
duke,n
dull,a
duly,adv
dump,v
duration,n
during,prep
dust,n
duty,n
dwelling,n
dynamic,a
each,det
eager,a
eagle,n
ear,n
earl,n
early,a
early,adv
earn,v
earning,n
earth,n
ease,n
ease,v
easily,adv
east,n
eastern,a
easy,a
easy,adv
eat,v
echo,n
echo,v
economic,a
economically,adv
economics,n
economist,n
economy,n
edge,n
edit,v
edition,n
editor,n
educate,v
education,n
educational,a
effect,n
effect,v
effective,a
effectively,adv
effectiveness,n
efficiency,n
efficient,a
efficiently,adv
effort,n
egg,n
ego,n
either,adv
either,det
elaborate,a
elbow,n
elder,n
elderly,a
elect,v
elected,a
election,n
electoral,a
electorate,n
electric,a
electrical,a
electricity,n
electron,n
electronic,a
electronics,n
elegant,a
element,n
elephant,n
eligible,a
eliminate,v
elite,n
else,adv
elsewhere,adv
embark,v
embarrassed,a
embarrassing,a
embarrassment,n
embassy,n
embody,v
embrace,v
embryo,n
emerge,v
emergence,n
emergency,n
emission,n
emotion,n
emotional,a
emperor,n
emphasis,n
emphasise,v
emphasize,v
empire,n
empirical,a
employ,v
employee,n
employer,n
employment,n
empty,a
empty,v
enable,v
enclose,v
encompass,v
encounter,n
encounter,v
encourage,v
encouragement,n
encouraging,a
end,n
end,v
ending,n
endless,a
endorse,v
endure,v
enemy,n
energy,n
enforce,v
enforcement,n
engage,v
engagement,n
engine,n
engineer,n
engineering,n
enhance,v
enhanced,a
enjoy,v
enjoyable,a
enjoyment,n
enormous,a
enormously,adv
enough,adv
enough,det
enquire,v
enquiry,n
ensure,v
entail,v
enter,v
enterprise,n
entertain,v
entertainment,n
enthusiasm,n
enthusiast,n
enthusiastic,a
entire,a
entirely,adv
entitle,v
entitlement,n
entity,n
entrance,n
entry,n
envelope,n
environment,n
environmental,a
envisage,v
enzyme,n
episode,n
equal,a
equal,v
equality,n
equally,adv
equation,n
equilibrium,n
equip,v
equipment,n
equity,n
equivalent,a
equivalent,n
era,n
erect,v
erosion,n
error,n
escape,n
escape,v
especially,adv
essay,n
essence,n
essential,a
essentially,adv
establish,v
established,a
establishment,n
estate,n
estimate,n
estimate,v
estimated,a
eternal,a
ethical,a
ethics,n
ethnic,a
evaluate,v
evaluation,n
even,adv
evening,n
event,n
eventual,a
eventually,adv
ever,adv
every,det
everybody,pron
everyday,a
everyone,pron
everything,pron
everywhere,adv
evidence,n
evident,a
evidently,adv
evil,a
evil,n
evoke,v
evolution,n
evolutionary,a
evolve,v
exact,a
exactly,adv
exaggerate,v
exam,n
examination,n
examine,v
example,n
excavation,n
exceed,v
excellent,a
except,conj
except,prep
exception,n
exceptional,a
exceptionally,adv
excess,a
excess,n
excessive,a
exchange,n
exchange,v
excite,v
excited,a
excitement,n
exciting,a
exclaim,v
exclude,v
exclusion,n
exclusive,a
exclusively,adv
excuse,n
excuse,v
execute,v
execution,n
executive,a
executive,n
exemption,n
exercise,n
exercise,v
exert,v
exhaust,v
exhibit,v
exhibition,n
exile,n
exist,v
existence,n
existing,a
exit,n
exotic,a
expand,v
expansion,n
expect,v
expectation,n
expected,a
expedition,n
expel,v
expenditure,n
expense,n
expensive,a
experience,n
experience,v
experienced,a
experiment,n
experiment,v
experimental,a
expert,a
expert,n
expertise,n
explain,v
explanation,n
explicit,a
explicitly,adv
explode,v
exploit,v
exploitation,n
exploration,n
explore,v
explosion,n
export,n
export,v
expose,v
exposure,n
express,a
express,v
expression,n
extend,v
extended,a
extension,n
extensive,a
extensively,adv
extent,n
external,a
extra,a
extract,n
extract,v
extraordinary,a
extreme,a
extreme,n
extremely,adv
eye,n
eyebrow,n
fabric,n
facade,n
face,n
face,v
facilitate,v
facility,n
fact,n
faction,n
factor,n
factory,n
faculty,n
fade,v
fail,v
failure,n
faint,a
fair,a
fair,adv
fair,n
fairly,adv
fairy,n
faith,n
faithful,a
fall,n
fall,v
false,a
fame,n
familiar,a
family,n
famous,a
fan,n
fan,v
fancy,v
fantastic,a
fantasy,n
far,a
far,adv
fare,n
farm,n
farmer,n
farming,n
fascinate,v
fascinating,a
fashion,n
fashionable,a
fast,a
fast,adv
fat,a
fat,n
fatal,a
fate,n
father,n
fault,n
favour,n
favour,v
favourable,a
favourite,a
favourite,n
fax,n
fear,n
fear,v
feasible,a
feast,n
feather,n
feature,n
feature,v
federal,a
federation,n
fee,n
feed,n
feed,v
feedback,n
feel,n
feel,v
feeling,n
fellow,a
fellow,n
female,a
female,n
feminine,a
feminist,n
fence,n
ferry,n
fertility,n
festival,n
fetch,v
fever,n
few,det
few,n
fewer,det
fibre,n
fiction,n
field,n
fierce,a
fiercely,adv
fig,n
fight,n
fight,v
fighter,n
figure,n
figure,v
file,n
file,v
fill,v
film,n
film,v
filter,n
filter,v
final,a
final,n
finally,adv
finance,n
finance,v
financial,a
financially,adv
find,v
finding,n
fine,a
fine,n
finger,n
finish,n
finish,v
finished,a
fire,n
fire,v
firm,a
firm,n
firmly,adv
first,a
firstly,adv
fiscal,a
fish,n
fish,v
fisherman,n
fishing,n
fist,n
fit,a
fit,n
fit,v
fitness,n
fitting,n
fix,v
fixed,a
fixture,n
flag,n
flame,n
flash,n
flash,v
flat,a
flat,n
flavour,n
flee,v
fleet,n
flesh,n
flexibility,n
flexible,a
flick,v
flight,n
fling,v
float,v
flock,n
flood,n
flood,v
floor,n
flour,n
flourish,v
flow,n
flow,v
flower,n
fluctuation,n
fluid,n
flush,v
fly,n
fly,v
focus,n
focus,v
fog,n
fold,n
fold,v
folk,n
follow,v
follower,n
following,a
following,prep
fond,a
food,n
fool,n
fool,v
foolish,a
foot,n
football,n
footstep,n
for,adv
for,conj
for,prep
forbid,v
force,n
force,v
forecast,n
forecast,v
forehead,n
foreign,a
foreigner,n
forest,n
forestry,n
forever,adv
forge,v
forget,v
forgive,v
fork,n
form,n
form,v
formal,a
formally,adv
format,n
formation,n
former,det
formerly,adv
formidable,a
formula,n
formulate,v
formulation,n
forth,adv
forthcoming,a
fortnight,n
fortunate,a
fortunately,adv
fortune,n
forum,n
forward,a
forward,adv
forwards,adv
fossil,n
foster,v
found,v
foundation,n
founder,n
fountain,n
fox,n
fraction,n
fragile,a
fragment,n
frame,n
frame,v
framework,n
franchise,n
frankly,adv
fraud,n
free,a
free,v
freedom,n
freely,adv
freeze,v
freight,n
frequency,n
frequent,a
frequently,adv
fresh,a
fridge,n
friend,n
friendly,a
friendship,n
frighten,v
frightened,a
fringe,n
frog,n
from,prep
front,a
front,n
frontier,n
frown,v
frozen,a
fruit,n
frustrate,v
frustration,n
fuck,v
fucking,a
fucking,adv
fuel,n
fulfil,v
full,a
full-time,a
fully,adv
fun,a
fun,n
function,n
function,v
functional,a
fund,n
fund,v
fundamental,a
fundamentally,adv
funding,n
funeral,n
funny,a
fur,n
furious,a
furnish,v
furniture,n
further,adv
furthermore,adv
fury,n
fusion,n
fuss,n
future,a
future,n
gain,n
gain,v
galaxy,n
gall,n
gallery,n
gallon,n
game,n
gang,n
gap,n
garage,n
garden,n
gardener,n
garlic,n
garment,n
gas,n
gasp,v
gastric,a
gate,n
gather,v
gathering,n
gay,a
gaze,n
gaze,v
gear,n
gender,n
gene,n
general,a
general,n
generally,adv
generate,v
generation,n
generous,a
genetic,a
genius,n
gentle,a
gentleman,n
gently,adv
genuine,a
genuinely,adv
geographical,a
geography,n
geological,a
gesture,n
get,v
ghost,n
giant,a
giant,n
gift,n
gig,n
girl,n
girlfriend,n
give,v
given,a
glad,a
glance,n
glance,v
glare,v
glass,n
glimpse,n
global,a
gloom,n
glorious,a
glory,n
glove,n
glow,n
glow,v
go,n
go,v
goal,n
goalkeeper,n
goat,n
god,n
gold,a
gold,n
golden,a
golf,n
good,a
good,n
goodness,n
gospel,n
gossip,n
gothic,a
govern,v
government,n
governor,n
gown,n
grab,v
grace,n
grade,n
gradual,a
gradually,adv
graduate,n
graduate,v
grain,n
grammar,n
grammatical,a
grand,a
grandfather,n
grandmother,n
grant,n
grant,v
graph,n
graphics,n
grasp,n
grasp,v
grass,n
grateful,a
grave,a
grave,n
gravel,n
gravity,n
great,a
greatly,adv
green,a
green,n
greenhouse,n
greet,v
greeting,n
grey,a
grid,n
grief,n
grim,a
grin,n
grin,v
grind,v
grip,n
grip,v
groan,v
gross,a
ground,n
group,n
group,v
grouping,n
grow,v
growing,a
growth,n
guarantee,n
guarantee,v
guard,n
guard,v
guardian,n
guerrilla,n
guess,n
guess,v
guest,n
guidance,n
guide,n
guide,v
guideline,n
guild,n
guilt,n
guilty,a
guitar,n
gun,n
gut,n
guy,n
ha,interjection
habit,n
habitat,n
hair,n
half,adv
half,det
half,n
halfway,adv
hall,n
halt,n
halt,v
ham,n
hammer,n
hand,n
hand,v
handful,n
handicap,n
handicap,v
handicapped,a
handle,n
handle,v
handling,n
handsome,a
handy,a
hang,v
happen,v
happily,adv
happiness,n
happy,a
harbour,n
hard,a
hard,adv
hardly,adv
hardship,n
hardware,n
harm,n
harm,v
harmful,a
harmony,n
harsh,a
harvest,n
hastily,adv
hat,n
hate,v
hatred,n
haul,v
haunt,v
have,v
hay,n
hazard,n
he,pron
head,a
head,n
head,v
heading,n
headline,n
headmaster,n
headquarters,n
heal,v
health,n
healthy,a
heap,n
hear,v
hearing,n
heart,n
heat,n
heat,v
heating,n
heaven,n
heavily,adv
heavy,a
hectare,n
hedge,n
heel,n
height,n
heir,n
helicopter,n
hell,n
hello,interjection
helmet,n
help,n
help,v
helpful,a
helpless,a
hemisphere,n
hen,n
hence,adv
her,det
her,pron
herb,n
herd,n
here,adv
heritage,n
hero,n
heroin,n
hers,pron
herself,pron
hesitate,v
hey,interjection
hidden,a
hide,v
hierarchy,n
high,a
high,adv
highlight,n
highlight,v
highly,adv
highway,n
hill,n
him,pron
himself,pron
hint,n
hint,v
hip,n
hire,n
hire,v
his,det
his,pron
historian,n
historic,a
historical,a
historically,adv
history,n
hit,n
hit,v
hitherto,adv
hobby,n
hold,n
hold,v
holder,n
holding,n
hole,n
holiday,n
holly,n
holy,a
home,adv
home,n
homeless,a
homework,n
homosexual,a
honest,a
honestly,adv
honey,n
honour,n
honour,v
honourable,a
hook,n
hook,v
hope,n
hope,v
hopefully,adv
horizon,n
horizontal,a
horn,n
horrible,a
horror,n
horse,n
hospital,n
hospitality,n
host,n
host,v
hostage,n
hostile,a
hostility,n
hot,a
hotel,n
hour,n
house,n
house,v
household,n
housewife,n
housing,n
hover,v
how,adv
however,adv
hug,v
huge,a
human,a
human,n
humanity,n
humble,a
humour,n
hunger,n
hungry,a
hunt,n
hunt,v
hunter,n
hunting,n
hurry,n
hurry,v
hurt,v
husband,n
hut,n
hydrogen,n
hypothesis,n
i,pron
ice,n
idea,n
ideal,a
ideal,n
ideally,adv
identical,a
identification,n
identify,v
identity,n
ideological,a
ideology,n
if,conj
ignorance,n
ignore,v
ill,a
ill,adv
illegal,a
illness,n
illuminate,v
illusion,n
illustrate,v
illustration,n
image,n
imagination,n
imaginative,a
imagine,v
immediate,a
immediately,adv
immediately,conj
immense,a
immigrant,n
immigration,n
imminent,a
immune,a
impact,n
imperial,a
implement,v
implementation,n
implication,n
implicit,a
imply,v
import,n
import,v
importance,n
important,a
importantly,adv
impose,v
impossible,a
impress,v
impression,n
impressive,a
imprison,v
imprisonment,n
improve,v
improved,a
improvement,n
impulse,n
in,adv
in,prep
inability,n
inadequate,a
inappropriate,a
incapable,a
incentive,n
inch,n
incidence,n
incident,n
incidentally,adv
inclined,a
include,v
including,prep
inclusion,n
income,n
incorporate,v
increase,n
increase,v
increased,a
increasing,a
increasingly,adv
incredible,a
incredibly,adv
incur,v
indeed,adv
independence,n
independent,a
independently,adv
index,n
indicate,v
indication,n
indicator,n
indigenous,a
indirect,a
indirectly,adv
individual,a
individual,n
individually,adv
indoor,a
induce,v
indulge,v
industrial,a
industry,n
inequality,n
inevitable,a
inevitably,adv
infant,n
infect,v
infection,n
infinite,a
inflation,n
inflict,v
influence,n
influence,v
influential,a
inform,v
informal,a
information,n
infrastructure,n
ingredient,n
inhabitant,n
inherent,a
inherit,v
inheritance,n
inhibit,v
inhibition,n
initial,a
initial,n
initially,adv
initiate,v
initiative,n
inject,v
injection,n
injunction,n
injure,v
injured,a
injury,n
inland,a
inn,n
inner,a
innocence,n
innocent,a
innovation,n
innovative,a
input,n
inquest,n
inquiry,n
insect,n
insert,v
inside,adv
inside,n
inside,prep
insider,n
insight,n
insist,v
insistence,n
inspect,v
inspection,n
inspector,n
inspiration,n
inspire,v
instal,v
install,v
installation,n
instance,n
instant,a
instant,n
instantly,adv
instead,adv
instinct,n
institute,n
institution,n
institutional,a
instruct,v
instruction,n
instructor,n
instrument,n
instrumental,a
insufficient,a
insurance,n
insure,v
intact,a
intake,n
integral,a
integrate,v
integrated,a
integration,n
integrity,n
intellectual,a
intellectual,n
intelligence,n
intelligent,a
intend,v
intense,a
intensify,v
intensity,n
intensive,a
intent,a
intent,n
intention,n
interaction,n
interactive,a
intercourse,n
interest,n
interest,v
interested,a
interesting,a
interface,n
interfere,v
interference,n
interim,a
interior,a
interior,n
intermediate,a
internal,a
international,a
interpret,v
interpretation,n
interrupt,v
interval,n
intervene,v
intervention,n
interview,n
interview,v
intimate,a
into,prep
introduce,v
introduction,n
invade,v
invaluable,a
invariably,adv
invasion,n
invent,v
invention,n
invest,v
investigate,v
investigation,n
investigator,n
investment,n
investor,n
invisible,a
invitation,n
invite,v
invoke,v
involve,v
involved,a
involvement,n
ion,n
iron,n
ironically,adv
irony,n
irrelevant,a
irrespective,a
island,n
isolated,a
isolation,n
issue,n
issue,v
it,pron
item,n
its,det
itself,pron
ivory,n
jacket,n
jail,n
jail,v
jam,n
jar,n
jaw,n
jazz,n
jealous,a
jeans,n
jerk,v
jet,n
jew,n
jewel,n
jewellery,n
job,n
jockey,n
join,v
joint,a
joint,n
jointly,adv
joke,n
joke,v
journal,n
journalist,n
journey,n
joy,n
judge,n
judge,v
judgement,n
judgment,n
judicial,a
juice,n
jump,n
jump,v
junction,n
jungle,n
junior,a
jurisdiction,n
jury,n
just,a
just,adv
justice,n
justification,n
justified,a
justify,v
keen,a
keep,v
keeper,n
kettle,n
key,a
key,n
keyboard,n
kick,n
kick,v
kid,n
kidney,n
kill,v
killer,n
killing,n
kilometre,n
kind,a
kind,n
kindly,adv
king,n
kingdom,n
kiss,n
kiss,v
kit,n
kitchen,n
kite,n
knee,n
kneel,v
knife,n
knight,n
knit,v
knitting,n
knock,n
knock,v
knot,n
know,v
knowledge,n
known,a
lab,n
label,n
label,v
laboratory,n
labour,a
labour,n
labourer,n
lace,n
lack,n
lack,v
lacking,a
lad,n
ladder,n
lady,n
lake,n
lamb,n
lamp,n
land,n
land,v
landing,n
landlord,n
landowner,n
landscape,n
lane,n
language,n
lap,n
large,a
large-scale,a
largely,adv
laser,n
last,a
last,v
late,a
late,adv
lately,adv
later,adv
latin,a
latter,det
laugh,n
laugh,v
laughter,n
launch,n
launch,v
law,n
lawn,n
lawyer,n
lay,a
lay,v
layer,n
layout,n
lazy,a
lead,n
lead,v
leader,n
leadership,n
leading,a
leaf,n
leaflet,n
league,n
leak,v
lean,v
leap,v
learn,v
learner,n
learning,n
lease,n
least,adv
leather,n
leave,n
leave,v
lecture,n
lecturer,n
left,a
left,n
leg,n
legacy,n
legal,a
legally,adv
legend,n
legislation,n
legislative,a
legislature,n
legitimate,a
leisure,n
lemon,n
lend,v
lender,n
length,n
lengthy,a
less,adv
less,det
lesser,a
lesson,n
let,v
letter,n
level,a
level,n
level,v
lexical,a
liability,n
liable,a
liaison,n
liberal,a
liberal,n
liberation,n
liberty,n
librarian,n
library,n
licence,n
license,v
lick,v
lid,n
lie,n
lie,v
life,n
lifespan,n
lifestyle,n
lifetime,n
lift,n
lift,v
light,a
light,n
light,v
lighting,n
lightly,adv
like,a
like,adv
like,conj
like,n
like,prep
like,v
likelihood,n
likely,a
likewise,adv
limb,n
limestone,n
limit,n
limit,v
limitation,n
limited,a
line,n
line,v
linear,a
linen,n
linger,v
linguistic,a
link,n
link,v
lion,n
lip,n
liquid,a
liquid,n
list,n
list,v
listen,v
listener,n
literacy,n
literally,adv
literary,a
literature,n
litigation,n
litre,n
little,a
little,adv
little,det
live,a
live,v
lively,a
liver,n
living,a
living,n
load,n
load,v
loan,n
lobby,n
local,a
local,n
locality,n
locally,adv
locate,v
location,n
lock,n
lock,v
locomotive,n
lodge,v
log,n
logic,n
logical,a
lone,a
lonely,a
long,a
long,adv
long,v
long-term,a
look,n
look,v
loop,n
loose,a
lord,n
lordship,n
lorry,n
lose,v
loss,n
lost,a
lot,n
loud,a
loud,adv
loudly,adv
lounge,n
love,n
love,v
lovely,a
lover,n
low,a
low,adv
lower,v
loyal,a
loyalty,n
luck,n
lucky,a
lump,n
lunch,n
lunchtime,n
lung,n
luxury,a
luxury,n
machine,n
machinery,n
mad,a
magazine,n
magic,a
magic,n
magical,a
magistrate,n
magnetic,a
magnificent,a
magnitude,n
maid,n
mail,n
main,a
mainframe,n
mainland,n
mainly,adv
mains,n
mainstream,n
maintain,v
maintenance,n
majesty,n
major,a
majority,n
make,n
make,v
make-up,n
maker,n
making,n
male,a
male,n
mammal,n
man,n
manage,v
management,n
manager,n
managerial,a
managing,a
mandatory,a
manifest,v
manifestation,n
manipulate,v
manipulation,n
mankind,n
manner,n
manor,n
manpower,n
manual,a
manual,n
manufacture,n
manufacture,v
manufacturer,n
manufacturing,a
manufacturing,n
manuscript,n
many,det
map,n
map,v
marathon,n
marble,n
march,n
march,v
margin,n
marginal,a
marine,a
mark,n
mark,v
marked,a
marker,n
market,n
market,v
marketing,n
marriage,n
married,a
marry,v
marsh,n
marvellous,a
mask,n
mass,a
mass,n
massive,a
master,n
master,v
match,n
match,v
mate,n
material,a
material,n
mathematical,a
mathematics,n
matrix,n
matter,n
matter,v
mature,a
maturity,n
maximum,a
maximum,n
may,modal
may,v
maybe,adv
mayor,n
me,pron
meadow,n
meal,n
mean,a
mean,v
meaning,n
meaningful,a
means,n
meantime,n
meanwhile,adv
measure,n
measure,v
measurement,n
meat,n
mechanical,a
mechanism,n
medal,n
media,n
medical,a
medicine,n
medieval,a
medium,a
medium,n
meet,v
meeting,n
melt,v
member,n
membership,n
membrane,n
memorable,a
memorandum,n
memorial,n
memory,n
mental,a
mentally,adv
mention,n
mention,v
menu,n
merchant,n
mercy,n
mere,a
merely,adv
merge,v
merger,n
merit,n
mess,n
message,n
metal,n
metaphor,n
method,n
methodology,n
metre,n
metropolitan,a
microphone,n
mid,a
middle,a
middle,n
middle-class,a
midfield,n
midnight,n
might,modal
mighty,a
migration,n
mild,a
mile,n
military,a
milk,n
mill,n
mind,n
mind,v
mine,n
mine,pron
miner,n
mineral,n
minimal,a
minimise,v
minimum,a
minimum,n
mining,n
minister,n
ministerial,a
ministry,n
minor,a
minority,n
minus,prep
minute,a
minute,n
miracle,n
mirror,n
miserable,a
misery,n
misleading,a
miss,v
missile,n
missing,a
mission,n
mist,n
mistake,n
mistake,v
mistress,n
mix,n
mix,v
mixed,a
mixture,n
moan,v
mobile,a
mobility,n
mode,n
model,n
model,v
moderate,a
modern,a
modest,a
modification,n
modify,v
module,n
mole,n
molecular,a
molecule,n
moment,n
momentum,n
monarch,n
monarchy,n
monastery,n
monetary,a
money,n
monitor,n
monitor,v
monitoring,n
monk,n
monkey,n
monopoly,n
monster,n
month,n
monthly,a
monument,n
mood,n
moon,n
moor,n
moral,a
moral,n
morale,n
morality,n
more,adv
more,det
moreover,adv
morning,n
mortality,n
mortgage,n
mosaic,n
most,adv
most,det
mostly,adv
mother,n
motif,n
motion,n
motivate,v
motivation,n
motive,n
motor,n
motorist,n
motorway,n
mould,n
mount,v
mountain,n
mouse,n
mouth,n
move,n
move,v
movement,n
movie,n
moving,a
much,adv
much,det
mud,n
mug,n
multimedia,n
multiple,a
multiply,v
municipal,a
murder,n
murder,v
murderer,n
murmur,v
muscle,n
museum,n
mushroom,n
music,n
musical,a
musician,n
must,modal
mutation,n
mutter,v
mutual,a
my,det
myself,pron
mysterious,a
mystery,n
myth,n
nail,n
naked,a
name,n
name,v
namely,adv
narrative,n
narrow,a
narrow,v
nasty,a
nation,n
national,a
nationalism,n
nationalist,n
nationality,n
nationally,adv
native,a
native,n
natural,a
naturally,adv
nature,n
naval,a
navy,n
near,a
near,adv
near,prep
nearby,a
nearby,adv
nearly,adv
neat,a
neatly,adv
necessarily,adv
necessary,a
necessity,n
neck,n
need,modal
need,n
need,v
needle,n
negative,a
neglect,n
neglect,v
negligence,n
negotiate,v
negotiation,n
neighbour,n
neighbourhood,n
neighbouring,a
neither,adv
neither,det
nephew,n
nerve,n
nervous,a
nest,n
net,a
net,n
network,n
neutral,a
never,adv
nevertheless,adv
new,a
newcomer,n
newly,adv
news,n
newspaper,n
next,adv
next,det
nice,a
nicely,adv
night,n
nightmare,n
nitrogen,n
no,adv
no,det
no,interjection
no-one,pron
noble,a
nobody,pron
nod,v
node,n
noise,n
noisy,a
nominal,a
nominate,v
nomination,n
none,pron
nonetheless,adv
nonsense,n
nor,conj
norm,n
normal,a
normally,adv
north,n
northern,a
nose,n
not,adv
notable,a
notably,adv
note,n
note,v
notebook,n
nothing,pron
notice,n
notice,v
noticeable,a
notify,v
notion,n
notorious,a
noun,n
novel,a
novel,n
novelist,n
now,adv
nowadays,adv
nowhere,adv
nuclear,a
nucleus,n
nuisance,n
number,n
numerous,a
nun,n
nurse,n
nurse,v
nursery,n
nursing,a
nursing,n
nut,n
oak,n
obey,v
object,n
object,v
objection,n
objective,a
objective,n
obligation,n
oblige,v
obscure,a
obscure,v
observation,n
observe,v
observer,n
obstacle,n
obtain,v
obvious,a
obviously,adv
occasion,n
occasional,a
occasionally,adv
occupation,n
occupational,a
occupy,v
occur,v
occurrence,n
ocean,n
odd,a
odd,n
odour,n
of,prep
off,adv
off,prep
offence,n
offend,v
offender,n
offensive,a
offer,n
offer,v
offering,n
office,n
officer,n
official,a
official,n
officially,adv
offset,v
offspring,n
often,adv
oil,n
ok,interjection
okay,a
okay,adv
old,a
old-fashioned,a
omission,n
omit,v
on,adv
on,prep
once,adv
once,conj
one,pron
onion,n
only,a
only,adv
onto,prep
onwards,adv
open,a
open,adv
open,v
opening,n
openly,adv
opera,n
operate,v
operating,n
operation,n
operational,a
operator,n
opinion,n
opponent,n
opportunity,n
oppose,v
opposed,a
opposite,a
opposite,adv
opposite,n
opposition,n
opt,v
optical,a
optimism,n
optimistic,a
option,n
optional,a
or,conj
oral,a
orange,a
orange,n
orbit,n
orchestra,n
order,n
order,v
ordinary,a
organ,n
organic,a
organisation,n
organisational,a
organise,v
organiser,n
organism,n
organization,n
organizational,a
organize,v
orientation,n
origin,n
original,a
original,n
originally,adv
originate,v
orthodox,a
other,a
other,n
other,pron
otherwise,adv
ought,modal
our,det
ours,pron
ourselves,pron
out,adv
out,prep
outbreak,n
outcome,n
outdoor,a
outer,a
outfit,n
outlet,n
outline,n
outline,v
outlook,n
output,n
outset,n
outside,a
outside,adv
outside,n
outside,prep
outsider,n
outstanding,a
oven,n
over,adv
over,n
over,prep
overall,a
overall,adv
overall,n
overcome,v
overlook,v
overnight,adv
overseas,a
overseas,adv
overtake,v
overview,n
overwhelm,v
overwhelming,a
owe,v
owl,n
own,det
own,v
owner,n
ownership,n
oxygen,n
ozone,n
pace,n
pack,n
pack,v
package,n
package,v
packet,n
pad,n
page,n
paid,a
pain,n
painful,a
paint,n
paint,v
painter,n
painting,n
pair,n
pal,n
palace,n
pale,a
palm,n
pan,n
panel,n
panic,n
papal,a
paper,n
par,n
parade,n
paragraph,n
parallel,a
parallel,n
parameter,n
parcel,n
pardon,n
parent,n
parental,a
parish,n
park,n
park,v
parking,n
parliament,n
parliamentary,a
part,n
part,v
part-time,a
partial,a
partially,adv
participant,n
participate,v
participation,n
particle,n
particular,a
particular,n
particularly,adv
partly,adv
partner,n
partnership,n
party,n
pass,n
pass,v
passage,n
passenger,n
passion,n
passionate,a
passive,a
passport,n
past,a
past,adv
past,n
past,prep
pasture,n
pat,v
patch,n
patent,n
path,n
patience,n
patient,a
patient,n
patrol,n
patron,n
pattern,n
pause,n
pause,v
pavement,n
pay,n
pay,v
payable,a
payment,n
peace,n
peaceful,a
peak,n
peasant,n
peculiar,a
pedestrian,n
peer,n
peer,v
pen,n
penalty,n
pencil,n
penetrate,v
penny,n
pension,n
pensioner,n
people,n
pepper,n
per,prep
perceive,v
perceived,a
percent,n
percentage,n
perception,n
perfect,a
perfectly,adv
perform,v
performance,n
performer,n
perhaps,adv
period,n
permanent,a
permanently,adv
permission,n
permit,v
persist,v
persistent,a
person,n
personal,a
personality,n
personally,adv
personnel,n
perspective,n
persuade,v
pest,n
pet,n
petition,n
petrol,n
petty,a
phase,n
phenomenon,n
philosopher,n
philosophical,a
philosophy,n
phone,n
phone,v
photo,n
photograph,n
photograph,v
photographer,n
photographic,a
photography,n
phrase,n
physical,a
physically,adv
physician,n
physics,n
piano,n
pick,v
picture,n
picture,v
pie,n
piece,n
pier,n
pig,n
pigeon,n
pile,n
pile,v
pill,n
pillar,n
pillow,n
pilot,n
pin,n
pin,v
pine,n
pink,a
pint,n
pioneer,n
pipe,n
pit,n
pitch,n
pity,n
place,n
place,v
placement,n
plain,a
plain,n
plaintiff,n
plan,n
plan,v
plane,n
planet,n
planned,a
planner,n
planning,n
plant,n
plant,v
plasma,n
plaster,n
plastic,n
plate,n
platform,n
plausible,a
play,n
play,v
player,n
plea,n
plead,v
pleasant,a
please,adv
please,v
pleased,a
pleasure,n
pledge,v
plenty,pron
plot,n
plot,v
plug,v
plunge,v
plus,prep
pocket,n
poem,n
poet,n
poetry,n
point,n
point,v
poison,n
poison,v
pole,n
police,n
policeman,n
policy,n
polish,a
polish,v
polite,a
political,a
politically,adv
politician,n
politics,n
poll,n
pollution,n
polymer,n
polytechnic,n
pond,n
pony,n
pool,n
poor,a
poorly,adv
pop,n
pop,v
pope,n
popular,a
popularity,n
population,n
port,n
portable,a
porter,n
portfolio,n
portion,n
portrait,n
portray,v
pose,v
position,n
position,v
positive,a
positively,adv
possess,v
possession,n
possibility,n
possible,a
possibly,adv
post,n
post,v
post-war,a
postcard,n
poster,n
postpone,v
pot,n
potato,n
potential,a
potential,n
potentially,adv
pottery,n
pound,n
pour,v
poverty,n
powder,n
power,n
power,v
powerful,a
practical,a
practically,adv
practice,n
practise,v
practitioner,n
praise,n
praise,v
pray,v
prayer,n
preach,v
precaution,n
precede,v
precedent,n
precious,a
precise,a
precisely,adv
precision,n
predator,n
predecessor,n
predict,v
predictable,a
prediction,n
predominantly,adv
prefer,v
preference,n
preferred,a
pregnancy,n
pregnant,a
prejudice,n
preliminary,a
premature,a
premier,a
premise,n
premium,n
preoccupation,n
preparation,n
prepare,v
prescribe,v
prescription,n
presence,n
present,a
present,n
present,v
presentation,n
presently,adv
preservation,n
preserve,v
presidency,n
president,n
presidential,a
press,n
press,v
pressure,n
prestige,n
presumably,adv
presume,v
pretend,v
pretty,a
pretty,adv
prevail,v
prevalence,n
prevent,v
prevention,n
previous,a
previously,adv
prey,n
price,n
price,v
pride,n
priest,n
primarily,adv
primary,a
primary,n
prime,a
primitive,a
prince,n
princess,n
principal,a
principal,n
principally,adv
principle,n
print,n
print,v
printed,a
printer,n
printing,n
prior,a
priority,n
prison,n
prisoner,n
privacy,n
private,a
privately,adv
privatisation,n
privatization,n
privilege,n
privileged,a
prize,n
probability,n
probable,a
probably,adv
probe,n
probe,v
problem,n
procedure,n
proceed,n
proceed,v
proceeding,n
process,n
process,v
processing,n
procession,n
processor,n
proclaim,v
produce,n
produce,v
producer,n
product,n
production,n
productive,a
productivity,n
profession,n
professional,a
professional,n
professor,n
profile,n
profit,n
profit,v
profitability,n
profitable,a
profound,a
program,n
program,v
programme,n
programming,n
progress,n
progress,v
progressive,a
prohibit,v
project,n
project,v
projection,n
prolonged,a
prominent,a
promise,n
promise,v
promote,v
promoter,n
promotion,n
prompt,v
promptly,adv
prone,a
pronounce,v
proof,n
prop,v
propaganda,n
proper,a
properly,adv
property,n
proportion,n
proportional,a
propos,v
proposal,n
propose,v
proposed,a
proposition,n
proprietor,n
prosecute,v
prosecution,n
prospect,n
prospective,a
prosperity,n
protect,v
protection,n
protective,a
protein,n
protest,n
protest,v
protocol,n
proud,a
prove,v
provide,v
provided,conj
provider,n
providing,conj
province,n
provincial,a
provision,n
provisional,a
provoke,v
psychiatric,a
psychological,a
psychologist,n
psychology,n
pub,n
public,a
public,n
publication,n
publicity,n
publicly,adv
publish,v
publisher,n
publishing,n
pudding,n
pull,v
pulse,n
pump,n
pump,v
punch,n
punch,v
punish,v
punishment,n
pupil,n
purchase,n
purchase,v
purchaser,n
pure,a
purely,adv
purple,a
purpose,n
pursue,v
pursuit,n
push,n
push,v
put,v
puzzle,v
qualification,n
qualified,a
qualify,v
quality,n
quantitative,a
quantity,n
quantum,n
quarry,n
quarter,n
queen,n
query,n
quest,n
question,n
question,v
questionnaire,n
queue,n
quick,a
quick,adv
quickly,adv
quid,n
quiet,a
quietly,adv
quit,v
quite,adv
quota,n
quotation,n
quote,v
rabbit,n
race,n
race,v
racial,a
racism,n
rack,n
radiation,n
radical,a
radical,n
radio,n
rage,n
raid,n
rail,n
railway,n
rain,n
rain,v
raise,v
raised,a
rally,n
rally,v
ram,n
random,a
range,n
range,v
rank,n
rank,v
rape,n
rape,v
rapid,a
rapidly,adv
rare,a
rarely,adv
rat,n
rate,n
rate,v
rather,adv
rating,n
ratio,n
rational,a
raw,a
ray,n
reach,n
reach,v
react,v
reaction,n
reactor,n
read,v
reader,n
readily,adv
reading,n
ready,a
real,a
realise,v
realism,n
realistic,a
reality,n
realize,v
really,adv
realm,n
rear,a
rear,n
rear,v
reason,n
reasonable,a
reasonably,adv
reasoning,n
reassure,v
rebel,n
rebellion,n
rebuild,v
recall,v
receipt,n
receive,v
receiver,n
recent,a
recently,adv
reception,n
receptor,n
recession,n
recipe,n
recipient,n
reckon,v
recognise,v
recognition,n
recognize,v
recommend,v
recommendation,n
reconcile,v
reconstruction,n
record,n
record,v
recorder,n
recording,n
recover,v
recovery,n
recreation,n
recruit,n
recruit,v
recruitment,n
recycle,v
red,a
red,n
reduce,v
reduced,a
reduction,n
redundancy,n
redundant,a
refer,v
referee,n
reference,n
referendum,n
referral,n
reflect,v
reflection,n
reform,n
reform,v
reformer,n
refuge,n
refugee,n
refusal,n
refuse,v
regain,v
regard,n
regard,v
regarding,prep
regardless,adv
regime,n
regiment,n
region,n
regional,a
register,n
register,v
registration,n
regret,n
regret,v
regular,a
regularly,adv
regulate,v
regulation,n
regulatory,a
rehabilitation,n
rehearsal,n
reign,n
reinforce,v
reject,v
rejection,n
relate,n
relate,v
related,a
relation,n
relationship,n
relative,a
relative,n
relatively,adv
relax,v
relaxation,n
release,n
release,v
relevance,n
relevant,a
reliable,a
reliance,n
relief,n
relieve,v
religion,n
religious,a
reluctance,n
reluctant,a
reluctantly,adv
rely,v
remain,n
remain,v
remainder,n
remaining,a
remark,n
remark,v
remarkable,a
remarkably,adv
remedy,n
remember,v
remind,v
reminder,n
remote,a
removal,n
remove,v
renaissance,n
render,v
renew,v
renewal,n
renewed,a
rent,n
repair,n
repair,v
repay,v
repayment,n
repeat,v
repeated,a
repeatedly,adv
repetition,n
replace,v
replacement,n
reply,n
reply,v
report,n
report,v
reportedly,adv
reporter,n
represent,v
representation,n
representative,a
representative,n
reproduce,v
reproduction,n
republic,n
republican,n
reputation,n
request,n
request,v
require,v
required,a
requirement,n
rescue,n
rescue,v
research,n
research,v
researcher,n
resemble,v
resent,v
resentment,n
reservation,n
reserve,n
reserve,v
reservoir,n
residence,n
resident,a
resident,n
residential,a
residue,n
resign,v
resignation,n
resist,v
resistance,n
resolution,n
resolve,v
resort,n
resource,n
respect,n
respect,v
respectable,a
respective,a
respectively,adv
respond,v
respondent,n
response,n
responsibility,n
responsible,a
rest,n
rest,v
restaurant,n
restoration,n
restore,v
restrain,v
restraint,n
restrict,v
restricted,a
restriction,n
restrictive,a
result,n
result,v
resulting,a
resume,v
retail,a
retailer,n
retain,v
retention,n
retire,v
retired,a
retirement,n
retreat,n
retreat,v
retrieve,v
return,n
return,v
reveal,v
revelation,n
revenge,n
revenue,n
reverse,n
reverse,v
revert,v
review,n
review,v
revise,v
revised,a
revision,n
revival,n
revive,v
revolution,n
revolutionary,a
reward,n
reward,v
rhetoric,n
rhythm,n
rib,n
ribbon,n
rice,n
rich,a
rid,v
ride,n
ride,v
rider,n
ridge,n
ridiculous,a
rifle,n
right,a
right,adv
right,interjection
right,n
rightly,adv
rigid,a
ring,n
ring,v
riot,n
rip,v
rise,n
rise,v
rising,a
risk,n
risk,v
ritual,n
rival,a
rival,n
river,n
road,n
roar,v
rob,v
robbery,n
rock,n
rock,v
rocket,n
rod,n
role,n
roll,n
roll,v
romance,n
romantic,a
roof,n
room,n
root,n
root,v
rope,n
rose,n
rotation,n
rotten,a
rough,a
roughly,adv
round,a
round,adv
round,n
round,prep
round,v
route,n
routine,n
row,n
row,v
royal,a
royalty,n
rub,v
rubber,a
rubbish,n
rude,a
rug,n
rugby,n
ruin,n
ruin,v
rule,n
rule,v
ruler,n
ruling,a
ruling,n
rumour,n
run,n
run,v
runner,n
running,a
rural,a
rush,n
rush,v
sack,n
sack,v
sacred,a
sacrifice,n
sacrifice,v
sad,a
sadly,adv
safe,a
safely,adv
safety,n
sail,n
sail,v
sailor,n
saint,n
sake,n
salad,n
salary,n
sale,n
salmon,n
salon,n
salt,n
salvation,n
same,det
sample,n
sample,v
sanction,n
sanctuary,n
sand,n
sandwich,n
satellite,n
satisfaction,n
satisfactory,a
satisfied,a
satisfy,v
sauce,n
sausage,n
save,v
saving,n
say,v
saying,n
scale,n
scan,v
scandal,n
scar,v
scarcely,adv
scared,a
scatter,v
scenario,n
scene,n
scent,n
schedule,n
schedule,v
scheme,n
scholar,n
scholarship,n
school,n
science,n
scientific,a
scientist,n
scope,n
score,n
score,v
scramble,v
scrap,n
scrape,v
scratch,v
scream,n
scream,v
screen,n
screen,v
screening,n
screw,n
screw,v
script,n
scrutiny,n
sculpture,n
sea,n
seal,n
seal,v
search,n
search,v
season,n
seasonal,a
seat,n
seat,v
second,n
secondary,a
secondly,adv
secret,a
secret,n
secretary,n
secretion,n
section,n
sector,n
secular,a
secure,a
secure,v
security,n
sediment,n
see,v
seed,n
seek,v
seem,v
seemingly,adv
segment,n
seize,v
seldom,adv
select,a
select,v
selected,a
selection,n
selective,a
self,n
sell,v
seller,n
semantic,a
semi-final,n
seminar,n
senate,n
send,v
senior,a
senior,n
sensation,n
sense,n
sense,v
sensible,a
sensitive,a
sensitivity,n
sentence,n
sentence,v
sentiment,n
separate,a
separate,v
separately,adv
separation,n
sequence,n
sergeant,n
series,n
serious,a
seriously,adv
serum,n
servant,n
serve,v
server,n
service,n
service,v
session,n
set,n
set,v
setting,n
settle,v
settlement,n
several,det
severe,a
severely,adv
sex,n
sexual,a
sexuality,n
sexually,adv
shade,n
shadow,n
shaft,n
shake,v
shall,modal
shallow,a
shame,n
shape,n
shape,v
share,n
share,v
shared,a
shareholder,n
sharp,a
sharply,adv
shatter,v
she,pron
shed,n
shed,v
sheep,n
sheer,a
sheet,n
shelf,n
shell,n
shelter,n
shield,n
shift,n
shift,v
shilling,n
shine,v
ship,n
ship,v
shirt,n
shit,n
shiver,v
shock,n
shock,v
shocked,a
shoe,n
shoot,v
shop,n
shop,v
shopping,n
shore,n
short,a
short,adv
short,n
short-term,a
shortage,n
shortly,adv
shot,n
should,modal
shoulder,n
shout,n
shout,v
show,n
show,v
shower,n
shrink,v
shrub,n
shrug,v
shut,v
shy,a
sick,a
sick,n
sickness,n
side,n
sideways,adv
siege,n
sigh,n
sigh,v
sight,n
sign,n
sign,v
signal,n
signal,v
signature,n
significance,n
significant,a
significantly,adv
silence,n
silent,a
silently,adv
silk,n
silly,a
silver,a
silver,n
similar,a
similarity,n
similarly,adv
simple,a
simplicity,n
simply,adv
simultaneously,adv
sin,n
since,adv
since,conj
since,prep
sincerely,adv
sing,v
singer,n
single,a
single,n
sink,n
sink,v
sip,v
sir,n
sister,n
sit,v
site,n
situate,v
situation,n
size,n
skeleton,n
sketch,n
ski,n
skill,n
skill,v
skilled,a
skin,n
skipper,n
skirt,n
skull,n
sky,n
slab,n
slam,v
slap,v
slave,n
sleep,n
sleep,v
sleeping,a
sleeve,n
slice,n
slide,n
slide,v
slight,a
slightly,adv
slim,a
slip,n
slip,v
slogan,n
slope,n
slot,n
slow,a
slow,v
slowly,adv
slump,v
small,a
smart,a
smash,v
smell,n
smell,v
smile,n
smile,v
smoke,n
smoke,v
smooth,a
smooth,v
smoothly,adv
snake,n
snap,v
snatch,v
sniff,v
snow,n
so,adv
so,conj
so-called,a
soak,v
soap,n
soar,v
soccer,n
social,a
socialism,n
socialist,a
socialist,n
socially,adv
society,n
sociological,a
sociology,n
sock,n
socket,n
sodium,n
sofa,n
soft,a
soften,v
softly,adv
software,n
soil,n
solar,a
soldier,n
sole,a
solely,adv
solicitor,n
solid,a
solidarity,n
solo,n
solution,n
solve,v
solvent,n
some,det
somebody,pron
somehow,adv
someone,pron
something,pron
sometimes,adv
somewhat,adv
somewhere,adv
son,n
song,n
soon,adv
sophisticated,a
sore,a
sorry,a
sort,n
sort,v
soul,n
sound,a
sound,n
sound,v
soup,n
source,n
south,n
southern,a
sovereignty,n
space,n
spare,a
spare,v
spatial,a
speak,v
speaker,n
special,a
specialise,v
specialist,a
specialist,n
specially,adv
species,n
specific,a
specifically,adv
specification,n
specified,a
specify,v
specimen,n
spectacle,n
spectacular,a
spectator,n
spectrum,n
speculation,n
speech,n
speed,n
speed,v
spell,n
spell,v
spelling,n
spend,v
spending,n
sphere,n
spider,n
spill,v
spin,v
spine,n
spirit,n
spiritual,a
spit,v
spite,n
splendid,a
split,n
split,v
spoil,v
spoken,a
spokesman,n
sponsor,n
sponsor,v
sponsorship,n
spontaneous,a
spoon,n
sport,n
spot,n
spot,v
spouse,n
spray,n
spray,v
spread,n
spread,v
spring,n
spring,v
spy,n
squad,n
squadron,n
square,a
square,n
square,v
squeeze,v
stab,v
stability,n
stable,a
stable,n
stadium,n
staff,n
staff,v
stag,v
stage,n
stagger,v
stain,v
stair,n
staircase,n
stake,n
stake,v
stall,n
stamp,n
stamp,v
stance,n
stand,n
stand,v
standard,a
standard,n
standing,n
star,n
star,v
start,n
start,v
startle,v
state,n
state,v
statement,n
static,a
station,n
statistical,a
statistics,n
statue,n
status,n
statute,n
statutory,a
stay,n
stay,v
steadily,adv
steady,a
steal,v
steam,n
steel,n
steep,a
steer,v
stem,n
stem,v
step,n
step,v
sterling,a
steward,n
stick,n
stick,v
sticky,a
stiff,a
still,a
still,adv
stimulate,v
stimulation,n
stimulus,n
stir,v
stitch,n
stock,n
stocking,n
stolen,a
stomach,n
stone,n
stool,n
stop,n
stop,v
storage,n
store,n
store,v
storm,n
storm,v
story,n
straight,a
straight,adv
straighten,v
straightforward,a
strain,n
strain,v
strand,n
strange,a
strangely,adv
stranger,n
strap,n
strategic,a
strategy,n
straw,n
stream,n
street,n
strength,n
strengthen,v
stress,n
stress,v
stretch,n
stretch,v
strict,a
strictly,adv
stride,v
strike,n
strike,v
striker,n
striking,a
string,n
strip,n
strip,v
strive,v
stroke,n
stroke,v
stroll,v
strong,a
strongly,adv
structural,a
structure,n
structure,v
struggle,n
struggle,v
student,n
studio,n
study,n
study,v
stuff,n
stuff,v
stumble,v
stunning,a
stupid,a
style,n
subject,a
subject,n
subject,v
subjective,a
submission,n
submit,v
subscription,n
subsequent,a
subsequently,adv
subsidiary,n
subsidy,n
substance,n
substantial,a
substantially,adv
substantive,a
substitute,n
substitute,v
subtle,a
suburb,n
succeed,v
success,n
successful,a
successfully,adv
succession,n
successive,a
successor,n
such,det
suck,v
sudden,a
suddenly,adv
sue,v
suffer,v
sufferer,n
suffering,n
sufficient,a
sufficiently,adv
sugar,n
suggest,v
suggestion,n
suicide,n
suit,n
suit,v
suitable,a
suitcase,n
suite,n
sulphur,n
sum,n
sum,v
summarise,v
summary,n
summer,n
summit,n
summon,v
sun,n
sunlight,n
sunny,a
sunshine,n
super,a
superb,a
superintendent,n
superior,a
supermarket,n
supervise,v
supervision,n
supervisor,n
supper,n
supplement,n
supplement,v
supplementary,a
supplier,n
supply,n
supply,v
support,n
support,v
supporter,n
supporting,a
suppose,v
supposed,a
supposedly,adv
suppress,v
supreme,a
sure,a
sure,adv
surely,adv
surface,n
surgeon,n
surgery,n
surplus,a
surplus,n
surprise,n
surprise,v
surprised,a
surprising,a
surprisingly,adv
surrender,v
surround,v
surrounding,a
surrounding,n
survey,n
survey,v
surveyor,n
survival,n
survive,v
survivor,n
suspect,n
suspect,v
suspend,v
suspension,n
suspicion,n
suspicious,a
sustain,v
swallow,v
swap,v
sway,v
swear,v
sweat,n
sweep,v
sweet,a
sweet,n
swell,v
swift,a
swiftly,adv
swim,v
swimming,n
swing,n
swing,v
switch,n
switch,v
sword,n
syllable,n
symbol,n
symbolic,a
symmetry,n
sympathetic,a
sympathy,n
symptom,n
syndrome,n
syntactic,a
synthesis,n
system,n
systematic,a
t-shirt,n
table,n
tablet,n
tackle,v
tactic,n
tail,n
take,v
takeover,n
tale,n
talent,n
talented,a
talk,n
talk,v
talking,n
tall,a
tank,n
tap,n
tap,v
tape,n
target,n
target,v
tariff,n
task,n
taste,n
taste,v
tax,n
tax,v
taxation,n
taxi,n
taxpayer,n
tea,n
teach,v
teacher,n
teaching,n
team,n
tear,n
tear,v
tease,v
technical,a
technically,adv
technique,n
technological,a
technology,n
teenage,a
teenager,n
telecommunication,n
telephone,n
telephone,v
television,n
tell,v
telly,n
temper,n
temperature,n
temple,n
temporarily,adv
temporary,a
tempt,v
temptation,n
tenant,n
tend,v
tendency,n
tender,a
tennis,n
tense,a
tension,n
tent,n
term,n
term,v
terminal,a
terminal,n
terminate,v
terms,n
terrace,n
terrible,a
terribly,adv
terrify,v
territorial,a
territory,n
terror,n
terrorist,n
test,n
test,v
testament,n
testing,n
text,n
textbook,n
textile,n
texture,n
than,conj
thank,v
thanks,n
that,adv
that,conj
that,det
the,det
theatre,n
theft,n
their,det
theirs,pron
them,pron
theme,n
themselves,pron
then,adv
theology,n
theoretical,a
theorist,n
theory,n
therapist,n
therapy,n
there,adv
there,pron
thereafter,adv
thereby,adv
therefore,adv
these,det
thesis,n
they,pron
thick,a
thick,adv
thief,n
thigh,n
thin,a
thing,n
think,v
thinking,a
thinking,n
this,adv
this,det
thorough,a
thoroughly,adv
those,det
though,adv
though,conj
thought,n
thread,n
threat,n
threaten,v
threshold,n
throat,n
throne,n
through,adv
through,prep
throughout,prep
throw,v
thrust,n
thrust,v
thumb,n
thus,adv
tick,v
ticket,n
tide,n
tie,n
tie,v
tiger,n
tight,a
tight,adv
tighten,v
tightly,adv
tile,n
till,conj
till,prep
timber,n
time,n
time,v
timetable,n
timing,n
tin,n
tiny,a
tip,n
tip,v
tired,a
tissue,n
title,n
to,adv
to,infinitive-marker
to,prep
toast,n
tobacco,n
today,adv
toe,n
together,adv
toilet,n
tolerate,v
toll,n
tomato,n
tomorrow,adv
ton,n
tone,n
tongue,n
tonight,adv
tonne,n
too,adv
tool,n
tooth,n
top,a
top,n
top,v
topic,n
torch,n
toss,v
total,a
total,n
total,v
totally,adv
touch,n
touch,v
tough,a
tour,n
tour,v
tourism,n
tourist,n
tournament,n
toward,prep
towards,prep
towel,n
tower,n
town,n
toxic,a
toy,n
trace,n
trace,v
track,n
track,v
tract,n
trade,n
trade,v
trader,n
trading,a
trading,n
tradition,n
traditional,a
traditionally,adv
traffic,n
tragedy,n
tragic,a
trail,n
trail,v
train,n
train,v
trained,a
trainee,n
trainer,n
training,n
trait,n
transaction,n
transcription,n
transfer,n
transfer,v
transform,v
transformation,n
transition,n
translate,v
translation,n
transmission,n
transmit,v
transport,n
transport,v
trap,n
trap,v
travel,n
travel,v
traveller,n
tray,n
tread,v
treasure,n
treasurer,n
treasury,n
treat,n
treat,v
treatment,n
treaty,n
tree,n
tremble,v
tremendous,a
trench,n
trend,n
trial,n
triangle,n
tribe,n
tribunal,n
tribute,n
trick,n
trigger,v
trip,n
trip,v
triumph,n
trivial,a
trolley,n
troop,n
trophy,n
tropical,a
trouble,n
trouble,v
trouser,n
truck,n
true,a
truly,adv
trunk,n
trust,n
trust,v
trustee,n
truth,n
try,n
try,v
tube,n
tuck,v
tumble,v
tumour,n
tune,n
tune,v
tunnel,n
turkey,n
turn,n
turn,v
turnover,n
tutor,n
twice,adv
twin,n
twist,n
twist,v
type,n
typical,a
typically,adv
tyre,n
ugly,a
ulcer,n
ultimate,a
ultimately,adv
umbrella,n
unable,a
unacceptable,a
unaware,a
uncertain,a
uncertainty,n
unchanged,a
uncle,n
unclear,a
uncomfortable,a
unconscious,a
uncover,v
under,adv
under,prep
undergo,v
underground,a
underline,v
underlying,a
undermine,v
underneath,adv
underneath,prep
understand,v
understandable,a
understanding,n
undertake,v
undertaking,n
undoubtedly,adv
uneasy,a
unemployed,a
unemployment,n
unexpected,a
unexpectedly,adv
unfair,a
unfamiliar,a
unfortunate,a
unfortunately,adv
unhappy,a
uniform,a
uniform,n
union,n
unionist,n
unique,a
unit,n
unite,v
united,a
unity,n
universal,a
universe,n
university,n
unknown,a
unlawful,a
unless,conj
unlike,a
unlike,prep
unlikely,a
unnecessary,a
unpleasant,a
unprecedented,a
unreasonable,a
unrest,n
unsuccessful,a
until,conj
until,prep
unusual,a
unusually,adv
unwanted,a
unwilling,a
up,adv
up,prep
up-to-date,a
update,v
upgrade,v
uphold,v
upon,prep
upper,a
upset,a
upset,v
upstairs,adv
upstairs,n
upwards,adv
urban,a
urge,n
urge,v
urgency,n
urgent,a
urgently,adv
urine,n
us,pron
usage,n
use,n
use,v
used,a
used,modal
useful,a
useless,a
user,n
usual,a
usually,adv
utility,n
utter,v
utterance,n
utterly,adv
vacant,a
vacuum,n
vague,a
vaguely,adv
valid,a
validity,n
valley,n
valuable,a
valuation,n
value,n
value,v
valve,n
van,n
vanish,v
variable,a
variable,n
variant,n
variation,n
varied,a
variety,n
various,a
vary,v
varying,a
vast,a
vat,n
vector,n
vegetable,n
vegetation,n
vehicle,n
vein,n
velocity,n
velvet,n
vendor,n
venture,n
venture,v
venue,n
verb,n
verbal,a
verdict,n
verse,n
version,n
versus,prep
vertical,a
very,a
very,adv
vessel,n
veteran,n
via,prep
viable,a
vicar,n
vice-president,n
vicious,a
victim,n
victory,n
video,n
video-taped,a
view,n
view,v
viewer,n
viewpoint,n
vigorous,a
villa,n
village,n
villager,n
violation,n
violence,n
violent,a
virgin,n
virtual,a
virtually,adv
virtue,n
virus,n
visible,a
vision,n
visit,n
visit,v
visitor,n
visual,a
vital,a
vitamin,n
vivid,a
vocabulary,n
vocational,a
voice,n
voltage,n
volume,n
voluntary,a
volunteer,n
volunteer,v
vote,n
vote,v
voter,n
voucher,n
voyage,n
vulnerable,a
wage,n
wagon,n
waist,n
wait,v
waiter,n
waiting,a
waiting,n
wake,n
wake,v
walk,n
walk,v
walker,n
walking,a
wall,n
wander,v
want,n
want,v
war,n
ward,n
wardrobe,n
warehouse,n
warm,a
warm,v
warmth,n
warn,v
warning,n
warrant,n
warranty,n
warrior,n
wartime,n
wary,a
wash,n
wash,v
washing,n
waste,a
waste,n
waste,v
watch,n
watch,v
water,n
wave,n
wave,v
way,n
we,pron
weak,a
weaken,v
weakness,n
wealth,n
wealthy,a
weapon,n
wear,v
weather,n
weave,v
wedding,n
wee,a
weed,n
week,n
weekend,n
weekly,a
weep,v
weigh,v
weight,n
weird,a
welcome,a
welcome,n
welcome,v
welfare,n
well,a
well,adv
well,interjection
well,n
well-known,a
west,n
western,a
wet,a
wet,v
whale,n
what,det
whatever,det
whatsoever,det
wheat,n
wheel,n
when,adv
when,conj
whenever,adv
where,adv
where,conj
whereas,conj
whereby,adv
wherever,adv
whether,conj
which,det
whichever,det
while,conj
while,n
whilst,conj
whip,n
whip,v
whisky,n
whisper,n
whisper,v
white,a
white,n
who,pron
whoever,pron
whole,a
whole,n
wholly,adv
whom,pron
whose,det
why,adv
wicked,a
wicket,n
wide,a
wide,adv
widely,adv
widen,v
widespread,a
widow,n
width,n
wife,n
wild,a
wildlife,n
wildly,adv
will,modal
will,n
will,v
willing,a
willingness,n
win,n
win,v
wind,n
wind,v
window,n
wine,n
wing,n
winner,n
winning,a
winter,n
wipe,v
wire,n
wisdom,n
wise,a
wish,n
wish,v
wit,n
witch,n
with,prep
withdraw,v
withdrawal,n
within,adv
within,prep
without,prep
witness,n
witness,v
wolf,n
woman,n
wonder,n
wonder,v
wonderful,a
wood,n
wooden,a
woodland,n
wool,n
word,n
wording,n
work,n
work,v
worker,n
workforce,n
working,a
working,n
working-class,a
workplace,n
works,n
workshop,n
workstation,n
world,n
worldwide,a
worldwide,adv
worm,n
worried,a
worry,n
worry,v
worrying,a
worse,adv
worship,n
worth,n
worth,prep
worthwhile,a
worthy,a
would,modal
wound,n
wound,v
wrap,v
wrist,n
write,v
writer,n
writing,n
written,a
wrong,a
wrong,adv
wrong,n
x-ray,n
yacht,n
yard,n
yarn,n
ye,pron
yeah,interjection
year,n
yell,v
yellow,a
yep,interjection
yes,interjection
yesterday,adv
yet,adv
yield,n
yield,v
you,pron
young,a
youngster,n
your,det
yours,pron
yourself,pron
youth,n
zone,n
